{"cameraMode":{"drawMode":0,"name":"Shaded","section":"Shading Mode"},"sceneLighting":true,"audioPlay":false,"sceneViewState":{"m_AlwaysRefresh":false,"showFog":true,"showSkybox":true,"showFlares":true,"showImageEffects":true,"showParticleSystems":true,"showVisualEffectGraphs":true,"m_FxEnabled":true},"in2DMode":false,"pivot":{"x":4.386974334716797,"y":8.23613452911377,"z":3.6292896270751955},"rotation":{"x":-0.005979446694254875,"y":0.08240512758493424,"z":0.0004943954991176724,"w":0.9965815544128418},"size":10.982149124145508,"orthographic":true}